"The storm surge for Hurricane Milton is expected to be 15 feet. To give you an idea of how deadly this is, here's what 9 feet looks like:",2024-10-09 03:12:35,1119,28519,https://v.redd.it/a9wvqvswkotd1
This is what a 15 foot hurricane storm surge looks like. It's terrifying.,2024-10-09 19:02:46,1039,31361,https://v.redd.it/7mrig5pbattd1
"Milton strengthens into Category 4 hurricane, triggers storm surge warnings for Florida's Gulf Coast",2024-10-07 09:29:52,1270,14369,https://www.nbcnews.com/news/weather/hurricane-milton-strengthens-major-storm-florida-rcna174229
"by Ron DeSantis to stage a hurricane recovery press conference by stacking actual garbage behind his podium, all while shaming other politicians for exploiting the disaster",2024-10-13 21:42:16,623,22557,https://v.redd.it/hmztrx7jmmud1
This is what a 15 foot hurricane storm surge looks like. It's terrifying. ,2024-10-09 19:07:41,362,15194,https://v.redd.it/68igmys7bttd1
The graphics guy creates live simulation to help the weather reporter explain storm surge,2024-05-06 13:58:43,504,43792,https://v.redd.it/duac1nbuhuyc1
"YSK Never go into the attic to escape rising storm surge or other flood water, ever.",2024-09-26 12:49:40,281,12338,https://www.reddit.com/r/YouShouldKnow/comments/1fq0vze/ysk_never_go_into_the_attic_to_escape_rising/
My husband found this in my mother-in-law's yard after the storm surge from the hurricane. It looks like glass bubbled.,2024-09-27 19:41:46,458,4635,https://www.reddit.com/gallery/1fr1dcs
"‚ÄòChina destroyed 21,000 acres of West Philippine Sea coral reefs‚Äô",2024-02-23 14:42:41,665,16024,https://www.philstar.com/headlines/2024/02/24/2335793/china-destroyed-21000-acres-west-philippine-sea-coral-reefs
Here is what a 15 foot hurricane storm surge looks like folks.,2024-10-09 18:57:36,253,7218,https://v.redd.it/pmb9x0id9ttd1
Hurricane Ian - what 15 fr storm surge looks like (credit to Max Olson Chasing),2022-09-29 19:57:34,5299,125946,https://v.redd.it/l0w7syf7zvq91
PC is now in the attic. Evacuating due to potential storm surge from Hurricane Milton.,2024-10-09 07:34:16,344,3784,https://www.reddit.com/gallery/1fzp8xw
"Storm Surge in Hamburg, Germany",2023-12-26 03:37:28,595,12485,https://v.redd.it/3cjfby6jpl8c1
These doors holding back the storm surge of Hurricane Ian,2022-10-06 20:58:23,2243,100643,https://v.redd.it/jbvjvdaf8as91
Found a Delorean in Helene storm surge rubble,2024-09-29 23:10:27,186,8879,https://i.redd.it/h8ddurbi5vrd1.jpeg
"""100% coral mortality"" found in coral reef restoration site off Florida as ocean temperatures soar",2023-07-24 17:48:19,1148,9577,https://www.cbsnews.com/news/coral-reef-mortality-florida-ocean-temperatures/
"Deadly Hurricane Ian, nearing Category 5 strength, threatens 'catastrophic' storm surge as it nears Florida. It's too late to leave for many, governor says",2022-09-28 09:44:52,2890,17788,https://www.cnn.com/2022/09/28/weather/hurricane-ian-florida-path-wednesday/index.html
"by Ron DeSantis to stage a hurricane recovery press conference by stacking actual garbage behind his podium, all while shaming other politicians for exploiting the disaster",2024-10-14 03:42:50,437,2018,https://v.redd.it/hmztrx7jmmud1
"The storm surge for Hurricane Milton is expected to be 15 feet. To give you an idea of how deadly this is, here's what 9 feet looks like:",2024-10-09 03:11:50,209,3983,https://v.redd.it/seikawprkotd1
Please do not downplay Milton. Footage of 15 ft storm surges from Ian a few years ago,2024-10-08 10:05:23,237,3181,https://v.redd.it/l0w7syf7zvq91
"A mysterious sea urchin plague has spread across the world, causing the near extinction of the creature in some areas and threatening delicate coral reef ecosystems,",2024-05-30 12:24:14,277,5030,https://www.independent.co.uk/news/science/sea-urchin-mass-death-plague-cause-b2553153.html
"More than 60% of world‚Äôs coral reefs may have bleached in past year, U.S. agency says",2024-05-16 15:15:11,271,5618,https://www.theglobeandmail.com/world/article-more-than-60-of-worlds-coral-reefs-may-have-bleached-in-past-year-noaa/
TIL of the 1850 shipwreck of the Jenny Lind on a South Pacific coral reef. 28 people survived for 37 days on a tiny patch of sand because a passenger created a water distillation system from salvaged cookware capable of making 25 gallons a day of freshwater.,2023-06-16 01:06:58,493,13834,https://silentworldfoundation.org.au/wp-content/uploads/2020/08/Hunter_J_and_R_Malliaros_2017_The_Wreck.pdf
Creating an artificial coral reef.,2022-06-24 20:52:08,906,47214,https://i.redd.it/wcu25fjj0o791.jpg
TV seemed alright until I realized that wasn‚Äôt the floor. Crazy hurricane damage. ,2024-09-29 10:58:16,133,7372,https://v.redd.it/0r7p7bdvirrd1
Great Barrier Reef suffering ‚Äòmost severe‚Äô coral bleaching on record as footage shows damage 18 metres down,2024-04-11 09:53:55,261,5867,https://www.theguardian.com/environment/2024/apr/11/great-barrier-reef-severe-coral-bleaching-impact
Hurricane Ian - what 15 fr storm surge looks like ,2024-02-19 17:36:44,379,4524,https://v.redd.it/r0lfxo9bdmjc1
"Biden to Free Up Billions in Delayed Puerto Rico Storm Aid: The administration plans to release $1.3 billion that was meant to help Puerto Rico rebuild after Hurricane Maria in 2017, and will remove restrictions on another $4.9 billion.",2021-02-01 20:46:14,2373,62798,https://www.nytimes.com/2021/02/01/climate/puerto-rico-maria-federal-aid.html?action=click&module=News&pgtype=Homepage
"Unique arched floodgates protect from typhoons and storm surges in Osaka, Japan",2021-04-03 17:48:23,1135,99983,https://i.imgur.com/bFLS93x.gifv
Unsurvivable 20 foot storm surge predicted in LA,2020-08-26 21:25:24,2652,39938,https://gfycat.com/aggravatinglargegadwall
Puerto Rico fires two more officials after Hurricane Maria aid found unused amid current earthquake aftermath,2020-01-20 08:49:25,4786,61369,https://www.foxnews.com/us/puerto-rico-hurricane-maria-aid-emergency-supplies-earthquake-fired
Trump Allegedly Suggested Selling Puerto Rico as Hurricane Maria Approached,2020-07-11 16:50:25,2481,50971,https://www.motherjones.com/politics/2020/07/trump-allegedly-suggested-selling-puerto-rico-as-hurricane-maria-approached/
Evacuating before the hurricane makes landfall. I‚Äôm hoping the storm surge and flooding don‚Äôt make it too far inside. Godspeed buddy.,2022-09-26 20:48:02,681,8927,https://i.redd.it/8qrhsi1itaq91.jpg
"TIFU by playing Red Dead 2 for days, not paying attention to the news, and am now in the path of an ‚Äúunsurvivable‚Äù storm surge",2020-08-26 22:03:30,1352,38434,https://www.reddit.com/r/tifu/comments/ihcf0b/tifu_by_playing_red_dead_2_for_days_not_paying/
Demonstrating the danger of Storm Surge through visual.,2020-08-22 09:58:48,1068,99209,https://v.redd.it/8rj8b6c18ki51
The Planet Has Lost Half of Its Coral Reefs Since 1950,2021-09-19 03:33:58,724,24805,https://www.smithsonianmag.com/science/the-planet-has-lost-half-of-coral-reefs-since-1950-180978701/
"TIL that the collapse of the Soviet Union directly correlated with the resurgence of Cuba‚Äôs amazing coral reef. Without Russian supplied synthetic fertilizers and ag practices, Cubans were forced to depend on organic farming. This led to less chemical runoff in the oceans.",2020-03-03 22:57:51,1505,49580,https://psmag.com/news/inside-the-race-to-save-cubas-coral-reefs
"First person view of the storm surge in Florida, Hurricane Ian.",2022-09-28 14:58:48,499,10296,https://v.redd.it/dtqnujkzcnq91
Timelapse of the 15ft Storm Surge from Hurrican Ian hitting Ft. Myers beach,2022-10-04 13:20:06,731,6069,https://youtu.be/al8yTiCVfro
"Timelapse of the storm surge rushing in, Fort Myers",2022-09-28 19:15:40,377,17439,https://i.redd.it/tfq7v2oqmoq91.gif
"Napoleon fish , resident of coral reefs‚Ä¶",2023-07-23 00:25:32,303,6731,https://v.redd.it/zjnaogbc4ndb1
Photos reportedly show massive stockpile of bottled water left on a runway for more than a year in Puerto Rico after Hurricane Maria,2018-09-12 02:19:08,3863,32948,https://www.businessinsider.com/puerto-rico-water-bottle-fema-hurrican-maria-2018-9?utm_source=feedly&amp;utm_medium=referral
Hurricane Florence potential storm surge,2018-09-13 16:39:59,2123,84980,https://i.imgur.com/AuWCMwC.gifv
"A development in sunscreen technology keeps skin safe, could be used for anti-aging treatments and also protects coral reefs from devastation. Methylene Blue also has remarkable anti-aging abilities when combined with Vitamin C.",2021-05-31 06:02:49,639,24393,https://www.eurekalert.org/pub_releases/2021-05/ml-rsp051921.php
"A combination of climate change, extreme weather and pressure from local human activity is causing a collapse in global biodiversity and ecosystems across the tropics. Scientists mapped over 100 locations where tropical forests and coral reefs have been affected by climate extremes",2020-01-27 08:29:55,989,44737,https://www.lancaster.ac.uk/news/earths-most-biodiverse-ecosystems-face-a-perfect-storm
"Veo 2: ""A lego shark swims past a real coral reef while it chases a real scuba diver. nature photography, 35mm film."" ",2024-12-24 00:31:25,88,3123,https://v.redd.it/31s0ea35gq8e1
"Cuba drastically reforms fishing laws to protect coral reef, sharks and rays",2019-08-26 07:21:39,1189,33843,https://www.theguardian.com/environment/2019/aug/26/cuba-drastically-reforms-fishing-laws-to-protect-coral-reef-sharks-and-rays
"Hurricane recovery officials in N.C. relocated amid report of ‚Äòarmed militia'.  
Safety fears are growing as [GOP] misinformation collides with a large-scale federal recovery effort.",2024-10-13 21:13:07,136,2406,https://archive.is/l9jhr
"Power has been restored to all of Puerto Rico for the first time since Hurricane Maria struck nearly 11 months ago, officials said Tuesday",2018-08-14 18:58:25,1237,59780,https://www.nbcchicago.com/news/national-international/Puerto-Rico-Officials-Say-All-of-Island-Now-Has-Power-Again-490860981.html?_osource=SocialFlowTwt_CHBrand
Worst-ever coral bleaching event goes into unprecedented 4th year: Sea surface temperatures are so high that Australia divers are already reporting new bleaching in the part of the Great Barrier Reef where last yr 1/2 of corals died.,2017-02-22 08:14:56,2735,38003,https://www.newscientist.com/article/2122016-worst-ever-coral-bleaching-event-continues-into-fourth-year/
"This house in Mexico Beach came through Hurricane Michael almost unscathed. It's built of reinforced concrete, elevated on 40-foot pilings to allow a storm surge to pass underneath with little damage and can withstand 250 mile-an-hour winds. The owner was smart.",2018-10-15 19:48:10,1543,23781,https://i.redd.it/0mxkvkj2rfs11.jpg
Here is what a 15 foot hurricane storm surge looks like,2024-10-10 07:21:37,109,3104,https://v.redd.it/1p54aju8ywtd1
‚ÄòIf anyone can hear us ‚Ä¶ help.‚Äô Puerto Rico‚Äôs mayors describe widespread devastation from Hurricane Maria,2017-09-23 21:20:00,2019,29018,https://www.washingtonpost.com/national/if-anyone-can-hear-us--help-puerto-ricos-mayors-describe-widespread-devastation-from-hurricane-maria/2017/09/23/7ef5f6c4-a069-11e7-8ea1-ed975285475e_story.html?utm_term=.4095cd61e08b
TIL: 93% of the Great Barrier Reef is now damaged by coral bleaching,2016-08-05 09:04:06,2628,39934,http://www.sciencealert.com/93-of-the-great-barrier-reef-is-now-damaged-by-coral-bleaching
I made a coral reef! üê† Feedback appreciated.,2021-01-05 01:03:13,521,23233,https://v.redd.it/q20f0010fg961
"Young fish can be drawn to degraded coral reefs by loudspeakers playing the sounds of healthy reefs. Broadcasting healthy reef sound doubled the total number of fish arriving onto experimental patches of reef habitat, as well as increasing the number of species present by 50 per cent.",2019-12-01 03:55:52,633,52657,http://www.bristol.ac.uk/biology/news/2019/coral-reef-restoration.html
Several trailers of donations for Puerto Rico residents dealing with the aftermath of Hurricane Maria have reportedly been found unused and rotting outside a state elections office nearly a year after the storm created a humanitarian disaster on the island.,2018-08-11 09:52:44,1126,29168,https://www.thedailybeast.com/puerto-rico-hurricane-donations-found-rotting-in-parking-lot
Climate change has destroyed half of Japan‚Äôs major coral reef,2016-11-13 09:33:41,2235,27925,http://www.indialivetoday.com/climate-change-has-destroyed-half-of-japans-major-coral-reef/59133.html
"TIL that in the 70s, Fort Lauderdale, Florida, tried creating its own artificial coral reef by dumping some 2 million used tires into the ocean. It became an environmental disaster, naturally, but also a military training exercise when divers had to retrieve the tires (almost one by one).",2021-04-25 11:07:56,440,22201,https://www.npr.org/templates/story/story.php?storyId=11462066
This is Morty. He was deployed in Puerto Rico after Hurricane Maria and jumped 30 feet out of a helicopter when he caught the scent of someone in need. He‚Äôs now in NC for Hurricane Florence.,2018-09-14 09:59:25,857,59078,https://i.redd.it/2vtyvx6wm7m11.jpg
‚ÄòDevastating‚Äô: 91% of reefs surveyed on Great Barrier Reef affected by coral bleaching in 2022,2022-05-10 18:14:51,394,7999,https://www.theguardian.com/environment/2022/may/10/devastating-90-of-reefs-surveyed-on-great-barrier-reef-affected-by-coral-bleaching-in-2022?CMP=Share_iOSApp_Other
"Power has been restored to all of Puerto Rico for the first time since Hurricane Maria struck nearly 11 months ago, officials said Tuesday",2018-08-14 22:57:02,950,32125,https://www.nbcchicago.com/news/national-international/Puerto-Rico-Officials-Say-All-of-Island-Now-Has-Power-Again-490860981.html?_osource=SocialFlowTwt_CHBrand
I just saw that Fort Myers and Cape Coral were expecting 10+ feet of storm surge - so I thought I'd open up a satellite image and see how well they were protected...,2024-10-07 20:16:25,179,1504,https://i.imgur.com/uNnmmJ3.png
Hurricane damaged boardwalk,2017-12-17 15:03:12,835,75198,https://i.imgur.com/VqBuTjI.jpg
TIL dying coral reefs lack the sound attract new fish. Speakers playing healthy reef noises at dying coral reefs increases species diversity and doubles fish abundance.,2021-08-04 00:34:16,370,18031,https://www.nature.com/articles/s41467-019-13186-2
"Dolphin poo is the secret weapon for coral reef survival, Says groundbreaking new study",2022-07-05 08:58:07,253,17119,https://www.euronews.com/green/2022/07/05/dolphin-poo-plays-significant-role-in-helping-coral-reefs-survive-says-new-study
üî• The blue-ringed octopus lives in tide pools and coral reefs üî•,2017-04-18 09:58:15,1307,25462,https://i.redd.it/zf47irn8ibsy.jpg
"Cat 4 Hurricane Ida making landfall in Port Fourchon, Louisiana, before and after the storm surge hits.",2021-08-29 21:52:25,407,12008,https://v.redd.it/4cs5v2gpiek71
Microsoft co-founder's yacht tears up protected coral reef in Cayman Islands. Paul Allen‚Äôs 330ft vessel destroys 80% of reef in protected zone,2016-01-28 17:21:34,2280,21126,http://www.theguardian.com/us-news/2016/jan/28/microsoft-co-founders-yacht-tears-up-protected-coral-reef-in-cayman-islands-paul-allen
Trump Is Pulling Money From Hurricane Recovery and Childcare Centers to Build His Wall,2019-09-05 10:03:59,740,15383,https://www.vice.com/en_us/article/pa7g4z/trump-is-pulling-money-from-hurricane-recovery-and-childcare-centers-to-build-his-wall
u/doodcool612 realizes that Trump‚Äôs denial of George Washington University‚Äôs study of Puerto Rico‚Äôs death toll is extremely invalid because the study actually ‚Äúanalyzed mortality patterns in order to predict the expected mortality if hurricane Maria never occurred‚Äù in their methodology.,2018-09-13 14:10:17,888,18370,https://np.reddit.com/r/worldnews/comments/9fhyav/_/e5wlqps/?context=1
‚ÄòExtremely dangerous‚Äô Hurricane Maria now a Category 5 storm,2017-09-18 20:01:35,1547,13947,http://myfox8.com/2017/09/18/extremely-dangerous-hurricane-maria-now-a-category-5-storm/
"Enough with these beautiful mountains and waterfalls, show me your countries best storm surge barriers",2023-06-02 10:13:23,393,2891,https://i.redd.it/nfag5obk4m3b1.jpg
"Puerto Rico governor: It 'is a fact' that 2,975 died from Hurricane Maria",2018-09-13 13:49:49,1265,10969,http://thehill.com/policy/energy-environment/406541-puerto-rico-governor-it-is-a-fact-that-2975-died-from-hurricane
This is a Presentation I made on Coral Reefs for my biology class! What do you guys think?,2019-10-23 03:06:27,526,22880,https://v.redd.it/mw2720j3p8u31
Only 16 percent of Puerto Rico has power 3 weeks after Hurricane Maria,2017-10-11 20:03:53,1090,16992,http://abcnews.go.com/US/16-percent-puerto-rico-power-weeks-hurricane-maria/story?id=50417366
Key West takes first step in banning some sunscreens that experts say damage coral reefs,2019-01-16 15:35:32,603,29019,https://www.miamiherald.com/news/local/community/florida-keys/article224556920.html
AquaFence at Tampa General Hospital keeping out storm surge from Hurricane Helene,2024-09-27 00:12:05,112,2306,https://v.redd.it/a9a5mmiq1ard1
"The National Hurricane Center has issued its highest ever storm surge forecast for Tampa Bay. They are now forecasting up to a 12 feet surge, the worst storm surge Tampa has seen in over a century",2024-10-07 11:54:54,237,1047,https://michaelrlowry.substack.com/p/milton-a-major-hurricane-catastrophic
Scientists make historic breakthrough that could save dying coral reefs from climate change,2019-08-22 10:42:46,527,26410,http://www.tampabay.com/news/environment/2019/08/21/scientists-coax-imperiled-florida-coral-to-spawn-in-a-lab-for-the-first-time/
Deep-Sea Coral Reefs Found Surviving in Ireland at The Edge of a Submarine Canyon,2021-01-17 08:50:52,339,28084,https://www.sciencealert.com/some-corals-in-the-deep-sea-are-thriving-but-scientists-are-worried-that-s-about-to-change
"Cycle of coral bleaching on the Great Barrier Reef now at ‚Äòcatastrophic‚Äô levels - Study of 2023-2024 global marine heatwave found 66% of colonies were bleached by February 2024 and 80% by April. By July, 44% of bleached colonies had died, with some coral experiencing a staggering 95% mortality rate.",2025-01-20 21:05:14,68,2195,https://www.scimex.org/newsfeed/cycle-of-coral-bleaching-on-the-great-barrier-reef-now-at-catastrophic-levels
"After saying there were only 64 deaths for months, Puerto Rican officials confirm death toll from Hurricane Maria is over 1,400. Radiologists, pathologists and dentists have been called to help process the backlog with over 300 unidentified bodies",2018-08-11 14:46:34,626,33425,https://www.accuweather.com/en/weather-news/post-hurricane-maria-death-toll-exceeds-1-400-puerto-ricos-officials-acknowledge/70005735
AquaFence at Tampa General Hospital keeping out storm surge. ,2024-09-27 07:38:04,61,5335,https://v.redd.it/a9a5mmiq1ard1
TIL scientists discovered broadcasting the sound of a healthy coral reef on underwater speakers in dead areas along the Great Barrier Reef resulted in life returning and thriving. Twice as many fish visited those areas with speakers compared to spots on the reef without speakers.,2020-07-09 12:50:46,390,30531,https://nexusmedianews.com/scientists-use-audio-recordings-of-healthy-coral-reefs-to-draw-fish-to-dead-reefs-766d5c91c743
"Hotel gives out environmental friendly sunscreen to protect Hawaii's coral reefs - ""Coral bleaching is especially happening in areas that are very popular with tourists in part due to sunscreen that contains a chemical called Oxybenzone.""",2018-04-03 06:46:09,665,31680,http://www.kitv.com/story/37864874/hotel-gives-out-environmental-friendly-sunscreen-to-protect-hawaiis-coral-reefs
"When a New York City subway car gets retired, it gets shipped off the coast and dropped Into the ocean. Doing this then creates a bit of a ‚Äúcoral reef‚Äù for the marine system.",2021-04-23 07:55:18,397,11564,https://i.redd.it/m0k1zgwpwwu61.jpg
Coral Reef WIP,2025-01-13 17:48:46,45,3657,https://i.redd.it/t0fnqxdebuce1.jpeg
"A global biodiversity collapse is imminent unless we take urgent, concerted action to reverse species loss in the tropics, according to new study in Nature, the first on state of all four of world¬¥s most diverse tropical ecosystems ‚Äì tropical forests, savannas, lakes and rivers, and coral reefs.",2018-07-28 09:45:57,847,14102,http://www.lancaster.ac.uk/news/time-is-running-out-in-the-tropics-researchers-warn-of-global-biodiversity-collapse
Moray eel waiting for pray tucked in the coral reef,2020-12-03 14:54:31,363,20481,https://i.redd.it/29bnjhsk11361.jpg
It‚Äôs Official: Hurricane Maria Led to as Many Deaths as 9/11,2018-08-28 14:51:36,797,13607,https://www.thedailybeast.com/its-official-hurricane-maria-led-to-as-many-deaths-as-911
"Coral reef discovered in murky waters of the Amazon river, covering 3600 sq. km.",2016-04-22 16:43:39,1053,20689,http://www.theguardian.com/environment/2016/apr/22/huge-coral-reef-discovered-at-amazon-river-mouth?CMP=fb_gu
"by Ron DeSantis to stage a hurricane recovery press conference by stacking actual garbage behind his podium, all while shaming other politicians for exploiting the disaster",2024-10-14 03:53:11,164,1304,https://v.redd.it/hmztrx7jmmud1
"The Thermal Structure of Hurricane Maria. Super Cold, High Cloud Tops are Abundant Near the Stormy Eyewall [OC]",2017-09-21 10:05:56,611,27268,https://i.redd.it/uuzctgqpt8nz.png
Coral reef üê†,2022-03-30 08:57:57,222,14107,https://v.redd.it/en5gzgzoqiq81
What the storm surge cause by hurricane Florence could look like,2018-09-13 16:31:47,490,26954,https://v.redd.it/v4cwoq83g2m11
"[art by me] changing starter‚Äôs types part 2. Wukong, ghost ship and coral reef ",2024-11-06 13:50:36,69,2776,https://i.redd.it/lqeh0w6zubzd1.jpeg
"The tasselled wobbegong is a species of carpet shark in the family Orectolobidae and the only member of its genus. It inhabits shallow coral reefs off northern Australia, New Guinea, and adjacent islands. Reaching 1.8 m in length, this species has a broad and flattened body and head.",2022-07-09 05:15:44,289,5570,https://i.redd.it/06ugho9owja91.jpg
"Hello guys, Puerto Rican here. So this shitshow has spread like wildfire all over Twitter and Facebook. A warehouse in Ponce filled with abandoned supplies for those affected by Hurricane Maria has been discovered. Intentionally hidden from the public since 2017. Sorry for my weird English.",2020-01-19 08:42:34,747,6241,https://www.youtube.com/watch?v=JoN9Lu3GAEs
"After Hurricane Maria I spent 6 months without power I made a promise that my family would never have to go through that again. Today, my house is powered by solar energy!",2018-04-17 18:24:53,666,13103,https://i.redd.it/ex61x4weojs01.jpg
"Nearly 6,000 Died In Puerto Rico After Hurricane Maria, A Harvard Study Says. The Government Still Claims 64 People Died.",2018-05-29 10:08:11,588,14612,https://www.buzzfeed.com/nidhiprakash/puerto-rico-death-toll-harvard-study
"The Survival Capsule is a spherical personal safety system, providing protection from natural disasters like tsunamis, tornadoes, hurricanes, earthquakes, and storm surges. It includes seating, storage, GPS, ventilation, and optional features such as surround sound and solar panels.",2024-04-11 14:33:34,246,1501,https://v.redd.it/hvsb2l9c9wtc1
"Thailand has shut down 10 popular diving sites in a bid to slow a coral bleaching crisis, an official said Thursday, in a rare move to shun tourism profits to protect the environment",2016-05-26 11:48:56,624,28849,http://www.france24.com/en/20160526-thailand-closes-dive-sites-over-coral-bleaching-crisis
"Humphead parrotfish play an important role in maintaining diverse coral-reef ecosystems and helping to create islands and sandy beaches. As these parrotfish ingest algae from dying and decaying coral, they promote the growth of new coral colonies. As they digest the coral, they excrete white sand.",2021-11-04 06:21:54,262,10019,https://v.redd.it/6w7w23wjxjx71
"Hurricane Maria killed 64 Puerto Ricans. Another 1,000 died because the disaster response was inadequate.",2017-12-18 05:18:11,638,12224,https://www.washingtonpost.com/news/monkey-cage/wp/2017/12/18/hurricane-maria-killed-64-puerto-ricans-another-1000-died-because-the-disaster-response-was-inadequate/
When Dorian's storm surge reaches the second floor.,2019-09-06 17:41:22,427,12426,https://v.redd.it/kpolkysnm1l31
"Coral reefs off the coast of Florida are being hit by a mass bleaching event due to record high ocean temperatures, and early indications suggest a global mass bleaching event could be underway",2023-08-21 15:09:56,227,2687,https://www.cnbc.com/2023/08/18/noaa-florida-coral-bleaching-event-could-go-global.html
"Bleached Out Coral Reef Embroidery this has been a stop, start piece of work. I have found it a conflicting piece to work on. I have made some good progress this week and am determined to finish it.",2022-10-14 15:09:23,222,5510,https://www.reddit.com/gallery/y42h5u
"ADA-approved oil platform, enhancing the coral reef‚Äôs natural beauty.",2024-10-03 23:05:16,76,2506,https://www.reddit.com/gallery/1fvpkub
Pristine coral reefs discovered near Gal√°pagos Islands are thousands of years old and teeming with life,2023-11-02 10:08:34,125,4895,https://www.livescience.com/planet-earth/rivers-oceans/pristine-coral-reefs-discovered-near-galapagos-islands-are-thousands-of-years-old-and-teeming-with-life
"99% of coral reefs to be impacted by climate change, study says",2017-01-06 08:47:45,624,15207,http://www.miamiherald.com/news/nation-world/national/article124752339.html
Gary Bettman was asked about the #Canes Storm Surge postgame celebrations earlier this evening. He had this to say.,2019-02-26 20:54:17,641,7339,https://i.redd.it/c90k4m90p0j21.jpg
"The storm surge for Hurricane Milton is expected to be 15 feet. To give you an idea of how deadly this is, here's what 9 feet looks like:",2024-10-09 07:39:27,167,1040,https://v.redd.it/a9wvqvswkotd1
PSA: To those who are not evacuating -- Standard Operating Procedure for the National Guard and emergency services is to not send out first responders during hurricane force winds. Flooding is no joke. If your house floods from storm surge you will die. 911 cannot help you. Evacuate if you are told!,2016-10-06 10:23:51,1023,7780,https://www.reddit.com/r/TropicalWeather/comments/565m4y/psa_to_those_who_are_not_evacuating_standard/
"Marine heatwave impact on corals worse than previously thought. Worldwide, coral reef ecosystems are worth approximately US$375 billion annually, and are a vital source of food and income for hundreds of millions of people in tropical island nations.",2023-08-22 05:18:42,148,4102,https://www.uvic.ca/news/topics/2023+marine-heatwave-impact-on-corals+media-release
Would a seawall megastructure protect a large amount of Tampa Bay from storm surge?,2024-03-12 15:08:51,609,767,https://i.redd.it/u18ra7k6cync1.png
"Why Do They Have Light (2018) ‚Äî Today, mainstream news outlets have started reporting that the death toll in Puerto Rico from Hurricane Maria is much higher than we thought. 6 months ago, two redditors made a youtube documentary about exactly that",2018-05-29 16:30:04,555,9340,https://www.youtube.com/watch?v=lRfRZ7ZBFII?
"Bart Lukasik is an oceanographer and videographer. This is, as he describes, a ‚Äòmonster grouper‚Äô. The crew was filming coral reef footage&this guy wasn‚Äôt even the subject of the filming. He was just curious.",2020-04-17 17:35:47,301,12601,https://gfycat.com/gifs/detail/MiserableImpracticalCrow
Demonstrating the danger of storm surge through visual created in Unreal Engine.,2020-08-22 19:11:19,255,15377,https://v.redd.it/11ezoxcrymi51
Trump officials say aid to Puerto Rico was knowingly stalled after Hurricane Maria,2019-10-18 20:23:05,389,8634,https://thehill.com/homenews/administration/466552-top-trump-admin-officials-say-aid-to-puerto-rico-was-knowingly
to lie about government support from the hurricane's damage,2024-10-02 15:21:00,79,2049,https://v.redd.it/wd7de3c5o2sd1
"Jake Tapper: Is Trump Unaware 3,000 People Died in Puerto Rico After Hurricane Maria?",2018-09-11 17:34:18,449,9854,https://www.thedailybeast.com/jake-tapper-is-trump-unaware-3000-people-died-in-puerto-rico-after-hurricane-maria/
"Posting on social media the University of Warsaw said: ‚ÄúPhD student Micha≈Ç Styczy≈Ñski discovered a substance from the melanin category which can be used as an effective, natural UV filter in Antarctic bacteria (eliminating synthetic ingredients of creams which contribute to the death of coral reefs)",2021-12-25 08:38:49,178,13071,https://www.thefirstnews.com/article/warsaw-scientist-finds-natural-coral-saving-uv-filter-in-antarctic-bacteria-26856
"Australia tests method to save Coral Reefs from overheating due to global warming. Results were ""really, really encouraging"".",2020-04-19 15:23:52,287,12267,https://www.sciencealert.com/cloud-brightening-is-the-newest-experiment-to-protect-the-great-barrier-reef-from-warming
There is a company that will turn your cremated remains into a coral reef,2021-04-23 13:28:54,197,18212,https://i.redd.it/0n4k8si8kyu61.jpg
I found this in the coral reef in Red Sea. It's mine...,2021-05-14 10:07:15,232,9672,https://i.redd.it/9srwdtfcf3z61.jpg
"""The National Hurricane Center had to redo their storm surge projection map. They didn't have a color for 12 to 18 feet... That water is not just going to go away."" Florida Senator Marco Rubio shares his top concerns as Hurricane Ian ravages his state",2022-09-28 22:19:08,397,2282,https://www.cnn.com/videos/tv/2022/09/28/the-lead-senator-marco-rubio-live.cnn
"1,000 tonnes of oil spilled into the pristine waters of Mauritius when ship struck coral reef on July 25th, 2020. Ship has split apart.",2020-08-16 10:00:40,269,9601,https://i.redd.it/o9rseq47fdh51.jpg
Possibly millions of water bottles meant for Hurricane Maria victims left on tarmac in Puerto Rico,2018-09-12 13:11:00,890,4029,https://www.cbsnews.com/news/possibly-millions-water-bottles-meant-for-hurricane-maria-victims-left-on-tarmac-puerto-rico/
"Fish pee is crucial to the survival and growth of coral reefs, and in reefs where fishing occurs, nearly half of the key nutrients from fish urine are absent from the ecosystem",2016-08-16 16:06:42,353,20589,http://phys.org/news/2016-08-big-fishand-peeare-key-coral.html
Global heating pushes coral reefs towards worst planet-wide mass bleaching on record,2024-04-16 08:50:31,123,1897,https://www.theguardian.com/environment/2024/apr/15/great-barrier-reef-coral-bleaching-global-heating
Coral reef tourism is worth $36 billion a year. Over 70 countries have reefs that generate approximately $1 million per sq km. The reefs generate jobs and critical foreign exchange earnings for many small island states that have few alternative sources of employment and income.,2017-05-30 14:43:25,337,15506,https://www.nature.org/newsfeatures/pressreleases/coral-reef-tourism-is-worth-36-billion-to-the-travel-industry-and-host-natio.xml
"With only about one-sixth of the original coral cover left, most Caribbean coral reefs may disappear in the next 20 years, primarily due to the loss of grazers in the region. The damage can be reversed, however.",2014-07-02 06:26:27,467,13781,http://www.iucn.org/?uNewsID=16056
"I'm Hari Pulapaka, an award-winning chef, running a sustainability-focused restaurant that serves venomous lionfish, an invasive species that's destroying coral reefs. My restaurant has cut down thousands of pounds of food waste over 4 years. AMA!",2019-05-06 11:34:25,343,6970,https://www.reddit.com/r/IAmA/comments/bldmq4/im_hari_pulapaka_an_awardwinning_chef_running_a/
"The Maeslant storm surge barrier, the largest moveable object in the world is closed tonight for the first time due to storm Pia.",2023-12-21 16:12:15,154,1863,https://www.reddit.com/gallery/18nxgsx
"Storm surge of Hurricane Ian in Fort Myers, FL",2022-09-28 23:20:58,159,4447,https://v.redd.it/d05slcve7nq91
Trump officials say aid to Puerto Rico was knowingly stalled after Hurricane Maria,2019-10-18 20:06:56,260,8441,https://thehill.com/homenews/administration/466552-top-trump-admin-officials-say-aid-to-puerto-rico-was-knowingly
Hurricane damage to a f16‚Ä¶.,2024-03-27 22:43:37,86,2637,https://i.redd.it/da8loxh6nzqc1.jpeg
"Hey X and everyone else. i'm pretty much going to be in the eye of the storm in this hurricane coming to Florida. Facing 5-10ft storm surge, 10-15 inches of rain and 100+mph winds. If anything goes wrong, just know I enjoyed my stay.",2022-09-27 10:23:17,228,2631,https://i.redd.it/n1444v9yueq91.jpg
Great Barrier Reef suffering ‚Äòmost severe‚Äô coral bleaching on record as footage shows damage 18 metres down,2024-04-11 14:12:33,96,2129,https://www.theguardian.com/environment/2024/apr/11/great-barrier-reef-severe-coral-bleaching-impact
Why is China planting what looks to be trees in this pattern? South China Sea Island built on top of coral reef.,2024-11-27 15:46:14,91,964,https://i.redd.it/gukbhqzfai3e1.png
"Because the storm surge didn't come, people think nothing will ever happen. It's incredible. They don't realize how close they were to death or to losing everything.",2024-10-10 22:29:54,141,753,https://www.reddit.com/r/hurricane/comments/1g0zosh/because_the_storm_surge_didnt_come_people_think/
TIL that scientists placed speakers on dead patches of coral in the Great Barrier Reef and replicated the sounds of healthy coral reef. They discovered that twice as many fish arrived and stayed compared to equivalent patches where no sound was played.,2020-02-25 13:51:30,183,15260,https://www.cnn.com/2019/12/02/world/speakers-dead-coral-reef-fish-scn/index.html
Coral reef is clacking,2017-11-30 08:56:21,265,13320,https://i.redd.it/vuaxp3zyb4101.jpg
Another coral reef inspired abstract embroidery!,2024-11-07 00:05:05,40,2316,https://www.reddit.com/gallery/1glixtv
My coral Reef in a cookie Jar after 5 months,2013-08-21 22:05:20,1349,3782,http://imgur.com/o5fFkce
Just in case y'all wanted to see what he's thinking of doing,2025-01-24 12:54:22,1965,14166,https://i.redd.it/d0fxwdepczee1.png
"Sunscreen contributing to decline of coral reefs, study shows | UV filtering chemical is killing off baby coral around tourist resorts, particularly in the Caribbean and Hawaii",2015-10-21 07:48:37,526,5342,http://www.theguardian.com/environment/2015/oct/21/sunscreen-contributing-to-decline-of-coral-reefs-study-shows
"Cuba drastically reforms fishing laws to protect coral reef, sharks and rays",2019-08-26 07:50:02,197,11575,https://www.theguardian.com/environment/2019/aug/26/cuba-drastically-reforms-fishing-laws-to-protect-coral-reef-sharks-and-rays
[Homemade] Coral reef cake,2018-01-19 12:34:48,205,23898,https://imgur.com/pPnwo7K
The Napoleon wrasse is mainly found around coral reefs in Indo-Pacific waters. It is also called the humphead wrasse or MƒÅori wrasse. Males of this species can grow to 2 m long and weigh up to 180 kg. A very large Napoleon wrasse is seen here approaching divers in the southern Red Sea.,2022-03-12 09:59:33,130,7124,https://v.redd.it/ibnfu8ryuym81
"""100% coral mortality"" found in coral reef restoration site off Florida as ocean temperatures soar",2023-07-24 18:38:41,200,1600,https://www.cbsnews.com/news/coral-reef-mortality-florida-ocean-temperatures/
Hurricane Florence potential storm surge,2018-09-13 17:38:54,245,8188,https://i.imgur.com/AuWCMwC.gifv
Florida cops deliver dresses made by a 99-year-old woman to an orphanage in Puerto Rico after Hurricane Maria devastated the island,2018-06-11 07:03:38,182,24167,http://www.miamiherald.com/news/state/florida/article212920329.html
I got a whole coral reef with my goldfish.,2016-01-13 17:39:24,252,15513,http://imgur.com/RLQiCK7
"As record heat risks bleaching 73% of the world‚Äôs coral reefs, scientists ask ‚Äòwhat do we do now?‚Äô",2024-07-29 18:14:39,157,753,https://www.theguardian.com/environment/article/2024/jul/30/as-record-heat-risks-bleaching-73-of-the-worlds-coral-reefs-scientists-ask-what-do-we-do-now
"For just the third time on record, scientists say they are now watching the unfolding of a massive worldwide coral bleaching event, spanning the globe from Hawaii to the Indian Ocean.",2015-10-11 10:58:01,445,5220,http://www.calgaryherald.com/technology/dramatic+worldwide+coral+reef+death+blamed+global+warming+reefs/11426960/story.html
"AskScience AMA Series: I'm a coral reef ecologist & conservationist who's studied the Mesoamerican Reef for over 30 years, including the (formerly secret) Cayman Crown. Ask Me Anything!",2023-04-27 07:00:03,174,1958,https://www.reddit.com/r/askscience/comments/130hyai/askscience_ama_series_im_a_coral_reef_ecologist/
Aerial surveys of Great Barrier Reef ordered after flights confirm mass coral bleaching,2024-02-28 12:59:18,103,1753,https://www.theguardian.com/environment/2024/feb/28/aerial-surveys-of-great-barrier-reef-ordered-after-flights-confirm-mass-coral-bleaching
"Made my end portal room into a coral reef, please leave very harsh criticisms, :)",2019-08-30 07:52:08,310,3909,https://i.redd.it/lh5leu7erkj31.jpg
Underwater Robot Has Potential To Help Revive The World's Dwindling Coral Reefs,2019-01-19 09:37:14,190,11179,https://www.theoutliar.com/2018/12/28/underwater-robot-has-potential-to-help-revive-the-worlds-dwindling-coral-reefs/
Florida needs to stop rebuilding in hurricane storm surge zones,2022-09-30 14:55:10,471,1132,https://www.reddit.com/r/florida/comments/xs9cjb/florida_needs_to_stop_rebuilding_in_hurricane/
Hurricane Ian - what 15 ft storm surge looks like (credit to Max Olson Chasing),2022-09-29 19:55:40,178,2562,https://v.redd.it/dxvnjhevyvq91
"by Ron DeSantis to stage a hurricane recovery press conference by stacking actual garbage behind his podium, all while shaming other politicians for exploiting the disaster",2024-10-14 04:15:47,183,437,https://v.redd.it/hmztrx7jmmud1
"Puerto Rico authorities said Friday that nearly half of power customers in the U.S. territory still lack electricity more than three months after Hurricane Maria, sparking outrage among islanders who accuse the government of mismanaging its response to the Category 4 storm.",2017-12-29 22:37:05,407,3760,"https://www.apnews.com/72fbcd5efa784a59a834e3cb58d0d137/3+-months-after-Maria,-barely-half-of-Puerto-Rico-has-power"
Translation: Be 51st state or get tarrifed! What a colonial moron!!,2025-01-24 12:12:31,1630,7801,https://i.redd.it/n872cbih5zee1.jpeg
"'We are the forgotten people': It's been almost six months since Hurricane Maria, and Puerto Ricans are still dying",2018-03-16 13:31:12,244,7142,https://www.cnn.com/2018/03/15/politics/puerto-rico-six-month-deaths-sutter-invs/index.html
Coral reefs are beautiful but also look strangely alien,2021-04-20 06:22:42,125,10146,https://v.redd.it/enaauvs9zau61
"Because the storm surge didn't come, people think nothing will ever happen. It's incredible. They don't realize how close they were to death or to losing everything.
",2024-10-10 22:29:08,179,441,https://www.reddit.com/r/tampa/comments/1g0zoaj/because_the_storm_surge_didnt_come_people_think/
Heartbroken scientists lament the likely loss of ‚Äòmost of the world‚Äôs coral reefs‚Äô: 'Scientists surveyed 100 reefs around the world and found that extreme bleaching events that once occurred every 25 or 30 years now happen about every five or six years.',2018-01-09 10:15:34,322,4470,http://grist.org/article/heartbroken-scientists-lament-the-likely-loss-of-most-of-the-worlds-coral-reefs/
"From @MikeBettes: *RARE* first person view of storm surge. This camera is 6 feet off the ground on Estero Blvd in Fort Myers Beach, FL.",2022-09-28 14:25:34,157,2770,https://v.redd.it/yor0t03x6nq91
An accidental discovery is giving new hope for coral reefs,2019-05-09 12:08:49,164,11556,https://gfycat.com/selfishdifficulthogget
Completely knitted coral reef (original post by momomanatee),2021-07-16 11:28:43,128,7320,https://v.redd.it/osmsjpwzelb71
Puerto Rico's cop telling the truth about Hurricane Maria's aid,2017-10-01 07:15:03,779,2340,https://www.youtube.com/watch?v=5Uc1pPsKt_s
Hurricane Maria: 100 percent of Puerto Rico without power,2017-09-20 13:33:32,292,5123,http://abc7.com/weather/hurricane-maria-100-percent-of-puerto-rico-without-power/2435160/
To create an artificial coral reef.,2021-11-09 13:08:08,124,5786,https://i.redd.it/aydco3jj1my71.jpg
"Chris Long on Dolphins/Bucs Hurricane Irma Situation: Should move the game to a neutral site, sell affordable tickets to benefit hurricane recovery. Am I being naive?",2017-09-05 18:50:13,421,3243,https://twitter.com/JOEL9ONE/status/905174766453174272
Study Finds Projections of Coral Reef Collapse 'Not True' as Majority of Coral Species Show Adaptability to Increased Temperatures and Acidification,2024-10-01 08:46:02,131,571,https://www.eurekalert.org/news-releases/1059140
"Study Finds 5,000 May Have Died From Hurricane Maria, Yet Cable News Covered Roseanne Instead",2018-05-30 19:56:10,226,6046,https://www.ecowatch.com/harvard-study-hurricane-maria--2573661010.html
San Juan mayor says the Trump administration killed thousands through neglect during Hurricane Maria,2018-08-29 15:49:39,214,6212,http://www.cnn.com/2018/08/29/politics/san-juan-mayor-carmen-yulin-cruz-death-toll-cnntv/index.html
"by Ron DeSantis to stage a hurricane recovery press conference by stacking actual garbage behind his podium, all while shaming other politicians for exploiting the disaster",2024-10-14 04:20:01,150,460,https://v.redd.it/hmztrx7jmmud1
"üê∂Ponyo Inu - Memetoken with a charity mission | üëâ 3% goes to saving the coral reefs |üí≤ 750,000$ donated already | üåüCMC and CG listed already |‚ôªÔ∏è 3700 + holders |üì± Great vibes in the community | ‚úÖDaily marketing being done",2021-11-22 11:59:57,200,2596,https://www.reddit.com/r/CryptoMoonShots/comments/qzq0ep/ponyo_inu_memetoken_with_a_charity_mission_3_goes/
"Puerto Ricans Have Been Committing Suicide Nearly Every Day After Hurricane Maria, A New Report Shows",2018-01-14 10:51:57,247,5413,http://www.newsweek.com/puerto-rico-mental-health-hurricane-maria-us-780062
"This is why we don't want militias in Lynchburg: Hurricane recovery officials in N.C. relocated amid report of ‚Äòarmed militia,‚Äô email shows",2024-10-14 02:08:18,376,141,/r/WNC/comments/1g32vwu/hurricane_recovery_officials_in_nc_relocated_amid/
[8:02] An accidental discovery shows how we can rebuild our coral reefs x40 faster.,2019-05-09 14:25:14,244,4138,https://youtu.be/VbSzoebC-8o
Puerto Rico Just Declared a State of Emergency Over Its Dying Coral Reefs,2021-09-01 19:07:39,145,3874,https://www.vice.com/en/article/akg9bz/puerto-rico-just-declared-a-state-of-emergency-over-its-dying-coral-reefs
"‚ÄòCatastrophic‚Äô: Great Barrier Reef hit by its most widespread coral bleaching, study finds",2025-01-21 13:38:30,64,646,https://www.theguardian.com/environment/2025/jan/22/catastrophic-great-barrier-reef-hit-by-its-most-widespread-coral-bleaching-study-finds
Science AMA Series: We are ocean scientists on an expedition in the Caribbean aboard the NOAA Ship Nancy Foster. We're using high-tech tools to map coral reefs and find fish 'hotspots' in areas of the ocean where little is known ... AUA!,2015-03-31 08:27:12,476,3289,https://www.reddit.com/r/science/comments/30x2zq/science_ama_series_we_are_ocean_scientists_on_an/
We have lost our coral reefs ,2024-10-04 20:01:39,85,808,https://www.reddit.com/r/ecology/comments/1fwdkwu/we_have_lost_our_coral_reefs/
"Grounded luxury yacht damaged 19K square feet of coral reef, officials say",2023-03-20 07:25:35,95,3000,https://www.newsweek.com/grounded-luxury-yacht-damaged-19000-square-feet-coral-reef-1788614
Coral Reef Day/Night,2022-07-26 16:46:34,103,4270,https://www.reddit.com/gallery/w8umgy
"Coral Reef done by Ben Kaye - Ship Shape Tattoo, Orewa New Zealand",2017-02-15 22:12:22,173,12401,http://imgur.com/Lo2JWRd
"Spawn on this isolated jungle island with 2 shipwrecks, ruined portal, and a coral reef",2021-03-19 07:57:01,140,4890,https://i.redd.it/jm68g3fr4zn61.png
Here's the footage of Prince Edward laughing like a maniac at slavery reparations and hurricane recovery that no British press outlets will publish,2022-04-27 10:45:04,157,2548,https://v.redd.it/fy8mi22d33w81
"Trump took $17 million for hurricane damage that staff, officials, do not recall",2016-10-24 15:30:36,301,4073,https://www.thestar.com/news/world/2016/10/24/trump-took-17-million-for-hurricane-damage-that-staff-officials-do-not-recall.html
"Hurricane recovery officials in N.C. relocated amid report of ‚Äòarmed militia'.  
Safety fears are growing as [GOP] misinformation collides with a large-scale federal recovery effort. Archive link: https://archive.is/l9jhr",2024-10-13 21:14:05,65,955,https://www.washingtonpost.com/weather/2024/10/13/federal-officials-nc-temporarily-relocated-amid-report-armed-militia-email-shows/
Storm Surge entering the Golden Nugget casino in Biloxi,2017-10-08 08:33:39,228,5064,https://gfycat.com/forkedharddachshund
Why the fuck is Elon even part of the decision-making?,2024-12-20 13:42:00,775,11210,https://i.redd.it/xjqxe31ct18e1.png
Puerto Rico officials describe 'apocalyptic' conditions after Hurricane Maria,2017-09-24 23:38:24,272,3875,http://www.cnn.com/2017/09/24/americas/hurricane-maria-puerto-rico-aftermath/index.html
"u/ClarkeFishing explains the process of post-hurricane recovery, and how it typically leaves the homeowners and residents of impacted communities homeless and desperate.",2018-10-11 13:17:22,218,4335,https://np.reddit.com/r/TropicalWeather/comments/9naeoj/slabbed_houses_in_mexico_beach_seen_from_a/e7kwc38/
Cleveland Indians donate full playoff share to help Puerto Rico recover from hurricane damage,2018-04-17 11:27:51,202,5199,http://www.cleveland.com/tribe/index.ssf/2018/04/cleveland_indians_donate_full.html#incart_river_index
"Coral bleaching has reached ""catastrophic"" levels on the Great Barrier Reef",2025-01-25 18:00:02,20,1359,https://www.earth.com/news/coral-bleaching-has-reached-catastrophic-levels-on-the-great-barrier-reef/
"ADA-approved oil platform, enhancing the coral reef‚Äôs natural beauty.",2024-10-03 22:24:37,31,1789,https://www.reddit.com/gallery/1fvou3h
Colorful Coral Reef Costume,2016-11-02 08:48:43,243,4709,http://imgur.com/a/jkaNZ
"Idalia has strengthened into a hurricane as it moves toward Florida, where it is expected to make landfall with powerful winds and a life-threatening storm surge",2023-08-29 05:24:23,173,1036,https://www.cnn.com/2023/08/29/weather/tropical-storm-idalia-florida-tuesday/index.html
"TIL: If you choose cremation, you can have your ashes made into a rock to form the base of an ‚Äúeternal memorial reef‚Äù so that you can help coral reefs bloom after you‚Äôve died.",2017-12-31 13:00:31,172,7160,http://www.eternalreefs.com
"Science AMA Series: Hi, we‚Äôre NOAA scientists Jennifer Koss, Mark Eakin, and Randy Kosaki. We are here to talk about the global coral bleaching event that we are experiencing right now. Ask Us Anything!",2016-06-30 07:20:22,376,3021,https://www.reddit.com/r/science/comments/4ql4r7/science_ama_series_hi_were_noaa_scientists/
"Trump questions number of deaths attributed to Hurricane Maria, falsely says Democrats created a higher count to make him look bad",2018-09-13 09:02:01,228,3855,https://www.washingtonpost.com/news/politics/wp/2018/09/13/trump-questions-number-of-deaths-attributed-to-hurricane-maria-falsely-says-democrats-created-a-higher-count-to-make-him-look-bad/
What a 15‚Äô hurricane storm surge looks like.,2024-10-10 14:16:47,36,1493,https://v.redd.it/7mrig5pbattd1
15ft storm surge. Ft Myers Beach. not my video. credit goes to Max Olson Chasing,2022-09-29 16:05:55,146,2020,https://v.redd.it/ggc12k4ptuq91
"üî• Bart Lukasik is an oceanographer and videographer. This is, as he describes as a ‚Äòmonster grouper‚Äô. The crew was filming coral reef footage&this guy wasn‚Äôt even the subject of the moment. He was just curious.",2020-04-17 17:26:29,127,6304,https://gfycat.com/miserableimpracticalcrow
The Yaeyama blenny is a small fish found in coral reefs in the western Pacific and Indian oceans. It can reach a maximum length of 6 cm. This clip by Atsushi Sadaki captures its friendly appearance,2024-12-26 07:40:29,19,1575,https://v.redd.it/tzgdql1cu69e1
"Hurricane Helene expected to produce ‚Äúunsurvivable storm surge‚Äù in the area of Apalachee Bay, Florida",2024-09-25 23:47:45,87,653,https://forecast.weather.gov/product.php?site=TAE&issuedby=TAE&product=AFD&format=CI&version=1&glossary=1
"Unique arched floodgates protect from typhoons and storm surges in Osaka, Japan",2021-04-03 17:48:00,94,7780,https://i.imgur.com/bFLS93x.gifv
TIL that Lofoten in Norway is north of the Arctic Circle.  Yet because of the largest positive temperature anomaly in the world relative to latitude it is teeming with life and has the largest deep water coral reef in the word. ,2012-07-25 09:23:10,806,2185,http://www.kuriositas.com/2010/12/lofoten-arctic-circle-anomaly.html
"Dredging Florida coral reef is ‚Äòlunacy‚Äô says Philippe Cousteau, grandson of Jacques: Expansion plans for a port near the continental US‚Äôs only barrier reef have been fiercely criticized by experts",2016-03-24 10:14:02,251,4312,http://www.theguardian.com/environment/2016/mar/24/florida-coral-reef-new-port-philippe-cousteau-fort-lauderdale
"üî• Bart Lukasik is an oceanographer and videographer. This is, as he describes as a ‚Äòmonster grouper‚Äô. The crew was filming coral reef footage&this guy wasn‚Äôt even the subject of the moment. He was just curious.",2022-06-28 01:39:29,103,3270,https://gfycat.com/miserableimpracticalcrow
18x18 Coral Reef,2023-03-30 18:42:51,50,5685,https://www.reddit.com/gallery/1271rr1
The Weather Channel graphics on storm surge,2018-09-12 22:20:45,252,2957,https://youtu.be/q01vSb_B1o0
What would a 15 foot storm surge look like in Pittsburgh?,2024-10-09 16:32:54,159,308,https://www.reddit.com/r/pittsburgh/comments/1g01e0p/what_would_a_15_foot_storm_surge_look_like_in/
"OMG. Did you guys know that the hedgies BANKRUPT Puerto Rico a few years ago? Yeah, neither did I. They also pressured them into getting rid of their disaster relief fund RIGHT before Hurricane Maria.",2021-05-13 09:20:38,117,4318,https://www.google.com/amp/s/www.nytimes.com/2019/11/26/magazine/aurelius-capital-v-puerto-rico.amp.html%3f0p19G=6214
"Some natural wonder in the chaos, the storm surge in St. Pete was bioluminescent. ",2024-09-27 18:23:40,36,1440,https://i.redd.it/dhc3v2xbgfrd1.jpeg
4-time Heavyweight Champion Evander Holyfield one-punch KOs Martinook in Storm Surge,2019-03-01 22:14:39,385,1887,https://streamable.com/dkb2o
"Storm surge at Longboat Key, FL caused by Hurricane Helene",2024-09-27 00:18:02,116,460,https://v.redd.it/9rvlmf2t2ard1
The peacock flounder is most commonly seen around the coral reefs of the western and eastern Atlantic ocean. This flatfish has the ability to change its colors quite rapidly to camouflage itself with its environment.,2022-06-21 08:44:54,71,5827,https://v.redd.it/mml5vfi4zy691
Climate change and warming seas are transforming tropical coral reefs and undoing decades of knowledge about how to protect these delicate and vital ecosystems,2020-04-25 16:45:15,109,7504,https://www.eurekalert.org/pub_releases/2020-04/lu-wcu042120.php
"Coral bleaching event now biggest in history ‚Äì and about to get worse: 'Coral in every major reef region has already experienced severe bleaching. About 93% of the reefs on Australia‚Äôs Great Barrier Reef have been affected, and almost a quarter of the reef on the 2,300km stretch is now dead.'",2016-06-20 22:11:01,311,3023,https://www.theguardian.com/environment/2016/jun/21/coral-bleaching-event-now-biggest-in-history-and-about-to-get-worse
Fish populations in Great Barrier Reef collapse after devastating coral bleaching events,2018-04-09 18:04:38,256,2971,https://www.independent.co.uk/environment/fish-populations-collapse-great-barrier-reef-coral-bleaching-australia-a8294751.html
"Last meal of our trip featured moldy, stale bread at Coral Reef. Overall, the quality was noticeably down across the parks :(",2022-11-21 21:11:25,318,848,https://i.redd.it/3kk5euyeve1a1.jpg
"Science AMA Series: I‚Äôm Luiz Rocha, an ichthyologist and marine biologist at the California Academy of Sciences. I explore deep coral reefs via technical diving, study reef-fish evolution, and map the spread of invasive lionfish invasion in the Atlantic. AMA!",2015-05-16 09:34:53,427,2491,https://www.reddit.com/r/science/comments/365xeq/science_ama_series_im_luiz_rocha_an_ichthyologist/
"We only have 8 years left before deglaciation of W. Antarctica begins, 80% of coral reefs die, Arctic sea ice disappears, world crops fail simultaneously, 40% of North American birds go extinct, rainforest collapse is locked in‚Ä¶",2020-01-26 07:48:30,309,1893,https://twitter.com/ClimateBen/status/1221217930882494466
Hurricane Ian - Timelapse of the storm surge,2024-08-05 09:20:30,76,858,https://v.redd.it/3e2h56c6jugd1
